{
  "learning_rate": 0.013119858480938747,
  "num_leaves": 48,
  "max_depth": 4,
  "min_child_samples": 93,
  "subsample": 0.8569497642108869,
  "colsample_bytree": 0.8396158297716653,
  "reg_alpha": 3.8533809960716674,
  "reg_lambda": 5.448909933196365,
  "n_estimators": 617,
  "scale_pos_weight": 98.25003593161601,
  "objective": "binary",
  "metric": "binary_logloss",
  "verbosity": -1,
  "boosting_type": "gbdt",
  "random_state": 42,
  "n_jobs": -1
}