{
  "accuracy": 0.7471369590165016,
  "precision": 0.021358861963443884,
  "recall": 0.6351060559483553,
  "f1": 0.04132785229193547,
  "roc_auc": 0.7506731156099162
}