{
  "fidelity": {
    "pearson_r": 0.6396517673986838,
    "spearman_r": 0.9282301709516507,
    "mae": 0.23787785936007275
  },
  "generated": "2025-12-30T17:13:51.706613"
}