{
  "oof_auc": {
    "lightgbm": 0.5152414306250329,
    "catboost": 0.5162823990967883,
    "tabnet": 0.5123176942274634,
    "mlp": 0.5157347419951512,
    "ensemble": 0.5158952140906262
  },
  "test_auc": {
    "lightgbm": 0.8773959315420223,
    "catboost": 0.9024601195854108,
    "tabnet": 0.8102847776876991,
    "mlp": 0.8854799713003338,
    "ensemble": 0.8955851930863783
  },
  "ensemble_weights": {
    "lightgbm": 0.010000000000000002,
    "catboost": 0.49283042391220555,
    "tabnet": 0.4871695760877945,
    "mlp": 0.010000000000000038
  },
  "elapsed_seconds": 1568.615784
}