{
  "pr_auc": 0.05664144235707936,
  "roc_auc": 0.8139341369783234,
  "best_threshold": 0.875492858535847,
  "best_f1": 0.12023097541427415,
  "elapsed": "0:00:08.222827"
}