{
  "model_type": "lightgbm",
  "test_metrics": {
    "roc_auc": 0.8438567120320605,
    "pr_auc": 0.15552874562960026,
    "brier_score": 0.04473713606120592,
    "precision_at_100": 0.93,
    "recall_at_100": 0.008994197292069633,
    "precision_at_500": 0.946,
    "recall_at_500": 0.045744680851063826,
    "precision_at_1000": 0.783,
    "recall_at_1000": 0.07572533849129594,
    "precision_at_0.3": 0.045238720145069314,
    "recall_at_0.3": 0.5500967117988395,
    "f1_at_0.3": 0.08360218412175817,
    "precision_at_0.5": 0.06462758269439894,
    "recall_at_0.5": 0.45406189555125726,
    "f1_at_0.5": 0.11315025244917878,
    "precision_at_0.7": 0.09300926811930994,
    "recall_at_0.7": 0.32901353965183755,
    "f1_at_0.7": 0.1450220602340303,
    "threshold_at_recall_99": 0.004801132682210429,
    "precision_at_recall_99": 0.010050374594161023,
    "threshold_at_recall_95": 0.01459100023191178,
    "precision_at_recall_95": 0.014031453997457397,
    "threshold_at_recall_90": 0.02723244254885134,
    "precision_at_recall_90": 0.018152629556444613
  },
  "comparison_with_mlp": {
    "roc_auc": {
      "mlp": 0.8770186702890186,
      "lgb": 0.8438567120320605,
      "diff": -0.03316195825695811
    },
    "pr_auc": {
      "mlp": 0.2889106964828084,
      "lgb": 0.15552874562960026,
      "diff": -0.13338195085320817
    },
    "precision_at_100": {
      "mlp": 0.99,
      "lgb": 0.93,
      "diff": -0.05999999999999994
    },
    "precision_at_500": {
      "mlp": 0.976,
      "lgb": 0.946,
      "diff": -0.030000000000000027
    }
  }
}