{
  "accuracy": 0.9608341797364498,
  "precision": 0.007309817254568636,
  "recall": 0.026437134952351674,
  "f1": 0.011452923158876015,
  "roc_auc": 0.6603958702749579
}