{
  "accuracy": 0.09599398504174855,
  "precision": 0.008852989439503607,
  "recall": 0.94036274208423,
  "f1": 0.01754084166222268,
  "roc_auc": 0.6679340312722284
}