{
  "lgbm": 0.23432861248439066,
  "catboost": 0.4085525641031664,
  "mlp": 0.08734361471058759,
  "tabnet": 0.2697752087018554
}