{
  "epoch": 25,
  "step": 0,
  "metrics": {
    "val_auc": 0.9993403230754309,
    "val_pr_auc": 0.9992953068522875,
    "val_loss": 0.0001449610183218791
  },
  "timestamp": "2025-12-24T14:24:18.453246"
}