{
  "lgbm": 0.25000020527049605,
  "catboost": 0.24999979472929024,
  "mlp": 0.2500006158117018,
  "tabnet": 0.24999938418851192
}