{
  "accuracy": 0.9914049412354408,
  "precision": 0.43243243243243246,
  "recall": 0.004918536735321242,
  "f1": 0.009726443768996961,
  "roc_auc": 0.7591406103140961
}