{
  "random_forest": {
    "accuracy": 0.9608341797364498,
    "precision": 0.007309817254568636,
    "recall": 0.026437134952351674,
    "f1": 0.011452923158876015,
    "roc_auc": 0.6603958702749579
  },
  "xgboost": {
    "accuracy": 0.09599398504174855,
    "precision": 0.008852989439503607,
    "recall": 0.94036274208423,
    "f1": 0.01754084166222268,
    "roc_auc": 0.6679340312722284
  },
  "neural_network": {
    "accuracy": 0.9914049412354408,
    "precision": 0.43243243243243246,
    "recall": 0.004918536735321242,
    "f1": 0.009726443768996961,
    "roc_auc": 0.7591406103140961
  }
}